steps,data
19,1.0094466137619447
29,1.01539115410263
39,1.0168226020769688
49,1.014500732334627
59,1.0094926366205157
