steps,data
19,0.763546494
29,0.722983535
39,0.730808936
49,0.760772214
59,0.710300627
