steps,data
19,0.970878784
29,0.947880997
39,0.902929898
49,0.860902054
59,0.765018895
