steps,data
19,0.7338791368419899
29,0.7752140786528077
39,0.805972582896669
49,0.80339714350736
59,0.7554941313855975
