steps,data
9,0.6278823317133176
19,0.6219461257853612
29,0.620608599702928
39,0.6203100078834899
49,0.6202435331937248
