steps,data
9,0.537714113
19,0.316838893
29,0.741925029
39,0.692385396
49,0.498884765
