steps,data
9,0.9079421518302213
19,0.9047536986407291
29,0.9039944834615207
39,0.9038155086070216
49,0.9037739542761105
