steps,data
9,0.827774321
19,1.171965435
29,0.931265989
39,0.913194664
49,1.073569586
